timestamp,event_type,button_index,raw_count,accepted_count,dropped_count,elapsed_ms,action
2026-09-29 14:56:27.154,ACCEPTED,2,1,1,0,2621,SWITCH_FORM_1
2026-09-29 14:56:27.682,ACCEPTED,4,2,2,0,525,SWITCH_FORM_2
2026-09-29 14:56:28.465,ACCEPTED,8,3,3,0,770,SWITCH_FORM_0
2026-09-29 14:56:28.721,ACCEPTED,2,4,4,0,272,SWITCH_FORM_1
2026-09-29 14:56:28.977,ACCEPTED,5,5,5,0,255,SWITCH_FORM_2
2026-09-29 14:56:29.249,ACCEPTED,8,6,6,0,270,SWITCH_FORM_0
2026-09-29 14:56:29.269,BOUNCE,0,7,6,1,64,DROPPED
2026-09-29 14:56:29.457,ACCEPTED,2,8,7,1,206,SWITCH_FORM_1
2026-09-29 14:56:29.984,ACCEPTED,4,9,8,1,525,SWITCH_FORM_2
2026-09-29 14:56:30.208,ACCEPTED,7,10,9,1,224,SWITCH_FORM_0
2026-09-29 14:56:30.400,ACCEPTED,1,11,10,1,193,SWITCH_FORM_1
2026-09-29 14:56:30.592,ACCEPTED,4,12,11,1,191,SWITCH_FORM_2
2026-09-29 14:56:30.752,ACCEPTED,7,13,12,1,161,SWITCH_FORM_0
2026-09-29 14:56:30.912,ACCEPTED,1,14,13,1,160,SWITCH_FORM_1
2026-09-29 14:56:30.917,BOUNCE,0,15,13,2,48,DROPPED
2026-09-29 14:56:31.008,BOUNCE,4,16,13,3,139,DROPPED
2026-09-29 14:56:31.183,ACCEPTED,4,17,14,3,271,SWITCH_FORM_2
2026-09-29 14:56:31.455,ACCEPTED,7,18,15,3,256,SWITCH_FORM_0
2026-09-29 14:56:31.536,BOUNCE,1,19,15,4,140,DROPPED
2026-09-29 14:56:31.541,BOUNCE,0,20,15,5,145,DROPPED
2026-09-29 14:56:32.175,ACCEPTED,0,21,16,5,731,SWITCH_FORM_1
2026-09-29 14:56:32.195,BOUNCE,4,22,16,6,67,DROPPED
2026-09-29 14:56:32.575,ACCEPTED,5,23,17,6,400,SWITCH_FORM_2
2026-09-29 14:56:32.734,ACCEPTED,8,24,18,6,162,SWITCH_FORM_0
2026-09-29 14:56:32.894,ACCEPTED,2,25,19,6,159,SWITCH_FORM_1
2026-09-29 14:56:32.915,BOUNCE,3,26,19,7,63,DROPPED
2026-09-29 14:56:32.990,BOUNCE,5,27,19,8,139,DROPPED
2026-09-29 14:56:33.150,ACCEPTED,5,28,20,8,255,SWITCH_FORM_2
2026-09-29 14:56:33.470,ACCEPTED,8,29,21,8,317,SWITCH_FORM_0
2026-09-29 14:56:33.506,BOUNCE,0,30,21,9,81,DROPPED
2026-09-29 14:56:33.536,BOUNCE,2,31,21,10,112,DROPPED
2026-09-29 14:56:33.646,ACCEPTED,0,32,22,10,177,SWITCH_FORM_1
2026-09-29 14:56:33.742,BOUNCE,4,33,22,11,140,DROPPED
2026-09-29 14:56:33.838,ACCEPTED,3,34,23,11,190,SWITCH_FORM_2
2026-09-29 14:56:33.873,BOUNCE,7,35,23,12,80,DROPPED
2026-09-29 14:56:33.998,ACCEPTED,6,36,24,12,161,SWITCH_FORM_0
2026-09-29 14:56:34.033,BOUNCE,1,37,24,13,79,DROPPED
2026-09-29 14:56:34.064,BOUNCE,0,38,24,14,109,DROPPED
2026-09-29 14:56:34.190,ACCEPTED,1,39,25,14,190,SWITCH_FORM_1
2026-09-29 14:56:34.195,BOUNCE,0,40,25,15,50,DROPPED
2026-09-29 14:56:34.270,BOUNCE,4,41,25,16,125,DROPPED
2026-09-29 14:56:34.349,ACCEPTED,3,42,26,16,161,SWITCH_FORM_2
2026-09-29 14:56:34.400,BOUNCE,7,43,26,17,94,DROPPED
2026-09-29 14:56:34.509,ACCEPTED,6,44,27,17,160,SWITCH_FORM_0
2026-09-29 14:56:34.545,BOUNCE,0,45,27,18,78,DROPPED
2026-09-29 14:56:34.590,BOUNCE,0,46,27,19,124,DROPPED
2026-09-29 14:56:34.797,ACCEPTED,0,47,28,19,286,SWITCH_FORM_1
2026-09-29 14:56:34.848,BOUNCE,3,48,28,20,95,DROPPED
2026-09-29 14:56:35.053,ACCEPTED,3,49,29,20,257,SWITCH_FORM_2
2026-09-29 14:56:35.119,BOUNCE,8,50,29,21,109,DROPPED
2026-09-29 14:56:35.229,ACCEPTED,8,51,30,21,175,SWITCH_FORM_0
2026-09-29 14:56:35.325,BOUNCE,0,52,30,22,140,DROPPED
2026-09-29 14:56:35.389,ACCEPTED,2,53,31,22,160,SWITCH_FORM_1
2026-09-29 14:56:35.439,BOUNCE,3,54,31,23,93,DROPPED
2026-09-29 14:56:35.565,ACCEPTED,3,55,32,23,174,SWITCH_FORM_2
2026-09-29 14:56:35.741,ACCEPTED,8,56,33,23,160,SWITCH_FORM_0
2026-09-29 14:56:35.822,BOUNCE,0,57,33,24,140,DROPPED
2026-09-29 14:56:36.060,ACCEPTED,0,58,34,24,332,SWITCH_FORM_1
2026-09-29 14:56:36.428,ACCEPTED,5,59,35,24,370,SWITCH_FORM_2
2026-09-29 14:56:36.684,ACCEPTED,6,60,36,24,235,SWITCH_FORM_0
2026-09-29 14:56:36.828,ACCEPTED,0,61,37,24,160,SWITCH_FORM_1
2026-09-29 14:56:36.924,BOUNCE,5,62,37,25,143,DROPPED
2026-09-29 14:56:37.100,ACCEPTED,3,63,38,25,275,SWITCH_FORM_2
2026-09-29 14:56:37.120,BOUNCE,8,64,38,26,64,DROPPED
2026-09-29 14:56:37.387,ACCEPTED,6,65,39,26,271,SWITCH_FORM_0
2026-09-29 14:56:37.438,BOUNCE,2,66,39,27,110,DROPPED
2026-09-29 14:56:37.691,ACCEPTED,2,67,40,27,318,SWITCH_FORM_1
2026-09-29 14:56:37.787,BOUNCE,3,68,40,28,141,DROPPED
2026-09-29 14:56:37.915,ACCEPTED,5,69,41,28,222,SWITCH_FORM_2
2026-09-29 14:56:37.935,BOUNCE,6,70,41,29,67,DROPPED
2026-09-29 14:56:38.075,ACCEPTED,8,71,42,29,163,SWITCH_FORM_0
2026-09-29 14:56:38.141,BOUNCE,2,72,42,30,109,DROPPED
2026-09-29 14:56:38.283,ACCEPTED,0,73,43,30,205,SWITCH_FORM_1
2026-09-29 14:56:38.288,BOUNCE,2,74,43,31,51,DROPPED
2026-09-29 14:56:38.348,BOUNCE,3,75,43,32,111,DROPPED
2026-09-29 14:56:38.539,ACCEPTED,5,76,44,32,258,SWITCH_FORM_2
2026-09-29 14:56:38.559,BOUNCE,8,77,44,33,63,DROPPED
2026-09-29 14:56:38.635,BOUNCE,6,78,44,34,139,DROPPED
2026-09-29 14:56:38.874,ACCEPTED,6,79,45,34,331,SWITCH_FORM_0
2026-09-29 14:56:38.940,BOUNCE,2,80,45,35,113,DROPPED
2026-09-29 14:56:39.514,ACCEPTED,0,81,46,35,194,SWITCH_FORM_1
2026-09-29 14:56:39.578,ACCEPTED,2,82,47,35,497,SWITCH_FORM_2
2026-09-29 14:56:39.583,BOUNCE,0,83,47,36,63,DROPPED
2026-09-29 14:56:39.588,BOUNCE,0,84,47,37,69,DROPPED
2026-09-29 14:56:39.593,BOUNCE,0,85,47,38,74,DROPPED
2026-09-29 14:56:39.598,BOUNCE,3,86,47,39,79,DROPPED
2026-09-29 14:56:39.754,ACCEPTED,6,87,48,39,190,SWITCH_FORM_0
2026-09-29 14:56:39.914,ACCEPTED,0,88,49,39,160,SWITCH_FORM_1
2026-09-29 14:56:39.919,BOUNCE,2,89,49,40,48,DROPPED
2026-09-29 14:56:39.934,BOUNCE,5,90,49,41,63,DROPPED
2026-09-29 14:56:40.010,BOUNCE,3,91,49,42,139,DROPPED
2026-09-29 14:56:40.153,ACCEPTED,5,92,50,42,235,SWITCH_FORM_2
2026-09-29 14:56:40.174,BOUNCE,6,93,50,43,67,DROPPED
2026-09-29 14:56:40.204,BOUNCE,6,94,50,44,98,DROPPED
2026-09-29 14:56:40.521,ACCEPTED,6,95,51,44,371,SWITCH_FORM_0
2026-09-29 14:56:40.541,BOUNCE,1,96,51,45,64,DROPPED
2026-09-29 14:56:40.713,ACCEPTED,0,97,52,45,190,SWITCH_FORM_1
2026-09-29 14:56:40.733,BOUNCE,4,98,52,46,65,DROPPED
2026-09-29 14:56:40.873,ACCEPTED,3,99,53,46,161,SWITCH_FORM_2
2026-09-29 14:56:40.878,BOUNCE,4,100,53,47,48,DROPPED
2026-09-29 14:56:40.925,BOUNCE,8,101,53,48,95,DROPPED
2026-09-29 14:56:41.065,ACCEPTED,6,102,54,48,176,SWITCH_FORM_0
2026-09-29 14:56:41.225,ACCEPTED,0,103,55,48,175,SWITCH_FORM_1
2026-09-29 14:56:41.481,ACCEPTED,3,104,56,48,256,SWITCH_FORM_2
2026-09-29 14:56:41.516,BOUNCE,8,105,56,49,78,DROPPED
2026-09-29 14:56:41.705,ACCEPTED,6,106,57,49,220,SWITCH_FORM_0
2026-09-29 14:56:41.710,BOUNCE,2,107,57,50,51,DROPPED
2026-09-29 14:56:41.896,ACCEPTED,0,108,58,50,193,SWITCH_FORM_1
2026-09-29 14:56:41.947,BOUNCE,5,109,58,51,96,DROPPED
2026-09-29 14:56:42.088,ACCEPTED,3,110,59,51,192,SWITCH_FORM_2
2026-09-29 14:56:42.264,ACCEPTED,6,111,60,51,161,SWITCH_FORM_0
2026-09-29 14:56:42.424,ACCEPTED,0,112,61,51,175,SWITCH_FORM_1
2026-09-29 14:56:42.475,BOUNCE,3,113,61,52,94,DROPPED
2026-09-29 14:56:42.616,ACCEPTED,5,114,62,52,190,SWITCH_FORM_2
2026-09-29 14:56:42.824,ACCEPTED,8,115,63,52,191,SWITCH_FORM_0
2026-09-29 14:56:42.874,BOUNCE,0,116,63,53,111,DROPPED
2026-09-29 14:56:42.905,BOUNCE,2,117,63,54,142,DROPPED
2026-09-29 14:56:43.064,ACCEPTED,0,118,64,54,253,SWITCH_FORM_1
2026-09-29 14:56:43.114,BOUNCE,5,119,64,55,98,DROPPED
2026-09-29 14:56:43.160,BOUNCE,5,120,64,56,143,DROPPED
2026-09-29 14:56:43.320,ACCEPTED,3,121,65,56,260,SWITCH_FORM_2
2026-09-29 14:56:43.511,ACCEPTED,6,122,66,56,174,SWITCH_FORM_0
2026-09-29 14:56:43.532,BOUNCE,2,123,66,57,80,DROPPED
2026-09-29 14:56:43.671,ACCEPTED,0,124,67,57,176,SWITCH_FORM_1
2026-09-29 14:56:43.863,ACCEPTED,3,125,68,57,189,SWITCH_FORM_2
2026-09-29 14:56:43.914,BOUNCE,6,126,68,58,95,DROPPED
2026-09-29 14:56:44.247,ACCEPTED,8,127,69,58,384,SWITCH_FORM_0
2026-09-29 14:56:44.313,BOUNCE,0,128,69,59,110,DROPPED
2026-09-29 14:56:44.407,ACCEPTED,2,129,70,59,161,SWITCH_FORM_1
2026-09-29 14:56:44.488,BOUNCE,3,130,70,60,124,DROPPED
2026-09-29 14:56:44.599,ACCEPTED,5,131,71,60,190,SWITCH_FORM_2
2026-09-29 14:56:44.604,BOUNCE,3,132,71,61,50,DROPPED
2026-09-29 14:56:44.807,ACCEPTED,8,133,72,61,206,SWITCH_FORM_0
2026-09-29 14:56:44.812,BOUNCE,6,134,72,62,51,DROPPED
2026-09-29 14:56:45.015,ACCEPTED,2,135,73,62,208,SWITCH_FORM_1
2026-09-29 14:56:45.020,BOUNCE,0,136,73,63,51,DROPPED
2026-09-29 14:56:45.174,ACCEPTED,4,137,74,63,162,SWITCH_FORM_2
2026-09-29 14:56:45.180,BOUNCE,3,138,74,64,48,DROPPED
2026-09-29 14:56:45.414,ACCEPTED,7,139,75,64,236,SWITCH_FORM_0
2026-09-29 14:56:45.419,BOUNCE,6,140,75,65,52,DROPPED
2026-09-29 14:56:45.465,BOUNCE,0,141,75,66,98,DROPPED
2026-09-29 14:56:45.590,ACCEPTED,1,142,76,66,179,SWITCH_FORM_1
2026-09-29 14:56:45.595,BOUNCE,0,143,76,67,49,DROPPED
2026-09-29 14:56:45.671,BOUNCE,4,144,76,68,125,DROPPED
2026-09-29 14:56:45.814,ACCEPTED,3,145,77,68,221,SWITCH_FORM_2
2026-09-29 14:56:45.910,BOUNCE,7,146,77,69,142,DROPPED
2026-09-29 14:56:46.134,ACCEPTED,6,147,78,69,304,SWITCH_FORM_0
2026-09-29 14:56:46.139,BOUNCE,8,148,78,70,67,DROPPED
2026-09-29 14:56:46.185,BOUNCE,2,149,78,71,112,DROPPED
2026-09-29 14:56:46.278,ACCEPTED,0,150,79,71,158,SWITCH_FORM_1
2026-09-29 14:56:46.853,ACCEPTED,3,151,80,71,578,SWITCH_FORM_2
2026-09-29 14:56:46.950,BOUNCE,6,152,80,72,140,DROPPED
2026-09-29 14:56:47.141,ACCEPTED,6,153,81,72,287,SWITCH_FORM_0
2026-09-29 14:56:47.317,ACCEPTED,2,154,82,72,176,SWITCH_FORM_1
2026-09-29 14:56:47.925,ACCEPTED,5,155,83,72,605,SWITCH_FORM_2
2026-09-29 14:56:47.991,BOUNCE,8,156,83,73,111,DROPPED
2026-09-29 14:56:48.181,ACCEPTED,8,157,84,73,258,SWITCH_FORM_0
2026-09-29 14:56:48.262,BOUNCE,2,158,84,74,124,DROPPED
2026-09-29 14:56:48.436,ACCEPTED,2,159,85,74,255,SWITCH_FORM_1
2026-09-29 14:56:48.502,BOUNCE,5,160,85,75,109,DROPPED
2026-09-29 14:56:48.676,ACCEPTED,5,161,86,75,235,SWITCH_FORM_2
2026-09-29 14:56:48.727,BOUNCE,8,162,86,76,98,DROPPED
2026-09-29 14:56:48.900,ACCEPTED,8,163,87,76,224,SWITCH_FORM_0
2026-09-29 14:56:49.476,ACCEPTED,0,164,88,76,577,SWITCH_FORM_1
2026-09-29 14:56:49.684,ACCEPTED,3,165,89,76,206,SWITCH_FORM_2
2026-09-29 14:56:49.780,BOUNCE,6,166,89,77,141,DROPPED
2026-09-29 14:56:49.972,ACCEPTED,6,167,90,77,288,SWITCH_FORM_0
2026-09-29 14:56:50.022,BOUNCE,0,168,90,78,95,DROPPED
2026-09-29 14:56:50.243,ACCEPTED,0,169,91,78,272,SWITCH_FORM_1
2026-09-29 14:56:50.515,ACCEPTED,3,170,92,78,271,SWITCH_FORM_2
2026-09-29 14:56:50.675,ACCEPTED,6,171,93,78,160,SWITCH_FORM_0
2026-09-29 14:56:50.931,ACCEPTED,1,172,94,78,255,SWITCH_FORM_1
2026-09-29 14:56:51.027,BOUNCE,4,173,94,79,139,DROPPED
2026-09-29 14:56:51.235,ACCEPTED,4,174,95,79,301,SWITCH_FORM_2
2026-09-29 14:56:51.331,BOUNCE,7,175,95,80,141,DROPPED
2026-09-29 14:56:51.523,ACCEPTED,7,176,96,80,273,SWITCH_FORM_0
2026-09-29 14:56:51.667,ACCEPTED,1,177,97,80,156,SWITCH_FORM_1
2026-09-29 14:56:51.763,BOUNCE,4,178,97,81,143,DROPPED
2026-09-29 14:56:52.114,ACCEPTED,5,179,98,81,447,SWITCH_FORM_2
2026-09-29 14:56:52.274,ACCEPTED,8,180,99,81,163,SWITCH_FORM_0
2026-09-29 14:56:52.370,BOUNCE,2,181,99,82,139,DROPPED
2026-09-29 14:56:52.546,ACCEPTED,2,182,100,82,271,SWITCH_FORM_1
2026-09-29 14:56:52.706,ACCEPTED,5,183,101,82,160,SWITCH_FORM_2
2026-09-29 14:56:52.882,ACCEPTED,8,184,102,82,159,SWITCH_FORM_0
2026-09-29 14:56:52.963,BOUNCE,2,185,102,83,140,DROPPED
2026-09-29 14:56:53.330,ACCEPTED,0,186,103,83,459,SWITCH_FORM_1
2026-09-29 14:56:53.411,BOUNCE,3,187,103,84,129,DROPPED
2026-09-29 14:56:53.617,ACCEPTED,3,188,104,84,291,SWITCH_FORM_2
2026-09-29 14:56:53.698,BOUNCE,6,189,104,85,125,DROPPED
2026-09-29 14:56:54.049,ACCEPTED,7,190,105,85,429,SWITCH_FORM_0
2026-09-29 14:56:54.150,BOUNCE,1,191,105,86,148,DROPPED
2026-09-29 14:56:54.513,ACCEPTED,2,192,106,86,466,SWITCH_FORM_1
2026-09-29 14:56:55.168,ACCEPTED,5,193,107,86,656,SWITCH_FORM_2
2026-09-29 14:56:55.219,BOUNCE,6,194,107,87,94,DROPPED
2026-09-29 14:56:55.488,ACCEPTED,6,195,108,87,316,SWITCH_FORM_0
2026-09-29 14:56:56.000,ACCEPTED,0,196,109,87,512,SWITCH_FORM_1
2026-09-29 14:56:56.176,ACCEPTED,3,197,110,87,178,SWITCH_FORM_2
2026-09-29 14:56:56.368,ACCEPTED,6,198,111,87,191,SWITCH_FORM_0
2026-09-29 14:56:56.591,ACCEPTED,0,199,112,87,221,SWITCH_FORM_1
2026-09-29 14:56:56.767,ACCEPTED,3,200,113,87,178,SWITCH_FORM_2
2026-09-29 14:56:57.151,ACCEPTED,6,201,114,87,383,SWITCH_FORM_0
2026-09-29 14:56:57.343,ACCEPTED,0,202,115,87,191,SWITCH_FORM_1
2026-09-29 14:56:57.519,ACCEPTED,3,203,116,87,176,SWITCH_FORM_2
2026-09-29 14:56:58.350,ACCEPTED,6,204,117,87,814,SWITCH_FORM_0
2026-09-29 14:56:58.574,ACCEPTED,0,205,118,87,238,SWITCH_FORM_1
2026-09-29 14:56:58.798,ACCEPTED,3,206,119,87,224,SWITCH_FORM_2
2026-09-29 14:56:59.198,ACCEPTED,8,207,120,87,401,SWITCH_FORM_0
2026-09-29 14:56:59.774,ACCEPTED,1,208,121,87,577,SWITCH_FORM_1
2026-09-29 14:56:59.794,BOUNCE,3,209,121,88,64,DROPPED
2026-09-29 14:56:59.981,ACCEPTED,4,210,122,88,205,SWITCH_FORM_2
2026-09-29 14:57:01.644,ACCEPTED,7,211,123,88,1662,SWITCH_FORM_0
2026-09-29 14:57:01.852,ACCEPTED,1,212,124,88,208,SWITCH_FORM_1
2026-09-29 14:57:02.028,ACCEPTED,5,213,125,88,177,SWITCH_FORM_2
2026-09-29 14:57:02.860,ACCEPTED,8,214,126,88,827,SWITCH_FORM_0
2026-09-29 14:57:03.019,ACCEPTED,2,215,127,88,164,SWITCH_FORM_1
2026-09-29 14:57:03.259,ACCEPTED,5,216,128,88,235,SWITCH_FORM_2
2026-09-29 14:57:03.499,ACCEPTED,6,217,129,88,240,SWITCH_FORM_0
2026-09-29 14:57:03.659,ACCEPTED,2,218,130,88,164,SWITCH_FORM_1
2026-09-29 14:57:03.679,BOUNCE,3,219,130,89,63,DROPPED
2026-09-29 14:57:03.947,ACCEPTED,3,220,131,89,286,SWITCH_FORM_2
2026-09-29 14:57:04.203,ACCEPTED,6,221,132,89,257,SWITCH_FORM_0
2026-09-29 14:57:04.268,BOUNCE,2,222,132,90,109,DROPPED
2026-09-29 14:57:04.443,ACCEPTED,0,223,133,90,235,SWITCH_FORM_1
2026-09-29 14:57:04.890,ACCEPTED,4,224,134,90,452,SWITCH_FORM_2
2026-09-29 14:57:05.130,ACCEPTED,6,225,135,90,235,SWITCH_FORM_0
2026-09-29 14:57:05.338,ACCEPTED,1,226,136,90,209,SWITCH_FORM_1
2026-09-29 14:57:05.358,BOUNCE,3,227,136,91,66,DROPPED
2026-09-29 14:57:05.562,ACCEPTED,4,228,137,91,223,SWITCH_FORM_2
2026-09-29 14:57:05.770,ACCEPTED,7,229,138,91,208,SWITCH_FORM_0
2026-09-29 14:57:06.025,ACCEPTED,1,230,139,91,258,SWITCH_FORM_1
2026-09-29 14:57:06.217,ACCEPTED,4,231,140,91,190,SWITCH_FORM_2
2026-09-29 14:57:06.393,ACCEPTED,7,232,141,91,161,SWITCH_FORM_0
2026-09-29 14:57:06.873,ACCEPTED,0,233,142,91,493,SWITCH_FORM_1
2026-09-29 14:57:06.969,BOUNCE,5,234,142,92,140,DROPPED
2026-09-29 14:57:07.257,ACCEPTED,5,235,143,92,383,SWITCH_FORM_2
2026-09-29 14:57:07.464,ACCEPTED,8,236,144,92,191,SWITCH_FORM_0
2026-09-29 14:57:07.704,ACCEPTED,2,237,145,92,253,SWITCH_FORM_1
2026-09-29 14:57:07.864,ACCEPTED,5,238,146,92,164,SWITCH_FORM_2
2026-09-29 14:57:08.136,ACCEPTED,8,239,147,92,270,SWITCH_FORM_0
2026-09-29 14:57:08.344,ACCEPTED,2,240,148,92,206,SWITCH_FORM_1
2026-09-29 14:57:08.552,ACCEPTED,5,241,149,92,207,SWITCH_FORM_2
2026-09-29 14:57:08.904,ACCEPTED,7,242,150,92,354,SWITCH_FORM_0
2026-09-29 14:57:09.127,ACCEPTED,1,243,151,92,220,SWITCH_FORM_1
2026-09-29 14:57:09.319,ACCEPTED,4,244,152,92,193,SWITCH_FORM_2
2026-09-29 14:57:09.575,ACCEPTED,7,245,153,92,257,SWITCH_FORM_0
2026-09-29 14:57:09.895,ACCEPTED,1,246,154,92,316,SWITCH_FORM_1
2026-09-29 14:57:10.295,ACCEPTED,3,247,155,92,400,SWITCH_FORM_2
2026-09-29 14:57:10.487,ACCEPTED,8,248,156,92,192,SWITCH_FORM_0
2026-09-29 14:57:11.206,ACCEPTED,2,249,157,92,479,SWITCH_FORM_1
2026-09-29 14:57:11.430,ACCEPTED,4,250,158,92,462,SWITCH_FORM_2
2026-09-29 14:57:11.450,BOUNCE,6,251,158,93,67,DROPPED
2026-09-29 14:57:11.670,ACCEPTED,7,252,159,93,238,SWITCH_FORM_0
2026-09-29 14:57:11.942,ACCEPTED,1,253,160,93,275,SWITCH_FORM_1
2026-09-29 14:57:11.947,BOUNCE,0,254,160,94,49,DROPPED
2026-09-29 14:57:12.214,ACCEPTED,3,255,161,94,271,SWITCH_FORM_2
2026-09-29 14:57:12.453,ACCEPTED,7,256,162,94,236,SWITCH_FORM_0
2026-09-29 14:57:12.458,BOUNCE,6,257,162,95,52,DROPPED
2026-09-29 14:57:12.693,ACCEPTED,1,258,163,95,239,SWITCH_FORM_1
2026-09-29 14:57:12.901,ACCEPTED,4,259,164,95,209,SWITCH_FORM_2
2026-09-29 14:57:13.093,ACCEPTED,7,260,165,95,192,SWITCH_FORM_0
2026-09-29 14:57:13.189,BOUNCE,1,261,165,96,140,DROPPED
2026-09-29 14:57:13.365,ACCEPTED,1,262,166,96,272,SWITCH_FORM_1
2026-09-29 14:57:13.652,ACCEPTED,4,263,167,96,286,SWITCH_FORM_2
2026-09-29 14:57:13.688,BOUNCE,7,264,167,97,80,DROPPED
2026-09-29 14:57:14.020,ACCEPTED,7,265,168,97,369,SWITCH_FORM_0
2026-09-29 14:57:14.628,ACCEPTED,1,266,169,97,236,SWITCH_FORM_1
2026-09-29 14:57:14.852,ACCEPTED,3,267,170,97,592,SWITCH_FORM_2
2026-09-29 14:57:15.012,ACCEPTED,6,268,171,97,163,SWITCH_FORM_0
2026-09-29 14:57:15.093,BOUNCE,0,269,171,98,124,DROPPED
2026-09-29 14:57:15.268,ACCEPTED,0,270,172,98,255,SWITCH_FORM_1
2026-09-29 14:57:15.318,BOUNCE,3,271,172,99,93,DROPPED
2026-09-29 14:57:15.475,ACCEPTED,3,272,173,99,205,SWITCH_FORM_2
2026-09-29 14:57:15.557,BOUNCE,6,273,173,100,127,DROPPED
2026-09-29 14:57:15.715,ACCEPTED,6,274,174,100,238,SWITCH_FORM_0
2026-09-29 14:57:15.766,BOUNCE,0,275,174,101,97,DROPPED
2026-09-29 14:57:15.923,ACCEPTED,0,276,175,101,209,SWITCH_FORM_1
2026-09-29 14:57:15.989,BOUNCE,3,277,175,102,111,DROPPED
2026-09-29 14:57:16.163,ACCEPTED,3,278,176,102,238,SWITCH_FORM_2
2026-09-29 14:57:16.244,BOUNCE,6,279,176,103,128,DROPPED
2026-09-29 14:57:16.387,ACCEPTED,6,280,177,103,224,SWITCH_FORM_0
2026-09-29 14:57:16.738,ACCEPTED,2,281,178,103,355,SWITCH_FORM_1
2026-09-29 14:57:17.026,ACCEPTED,5,282,179,103,285,SWITCH_FORM_2
2026-09-29 14:57:17.634,ACCEPTED,6,283,180,103,591,SWITCH_FORM_0
2026-09-29 14:57:21.072,ACCEPTED,0,284,181,103,3452,SWITCH_FORM_1
2026-09-29 14:57:21.107,BOUNCE,5,285,181,104,81,DROPPED
2026-09-29 14:57:21.279,ACCEPTED,3,286,182,104,207,SWITCH_FORM_2
2026-09-29 14:57:21.487,ACCEPTED,8,287,183,104,192,SWITCH_FORM_0
2026-09-29 14:57:21.492,BOUNCE,6,288,183,105,66,DROPPED
2026-09-29 14:57:22.063,ACCEPTED,1,289,184,105,592,SWITCH_FORM_1
2026-09-29 14:57:22.319,ACCEPTED,4,290,185,105,257,SWITCH_FORM_2
2026-09-29 14:58:27.061,ACCEPTED,6,291,186,105,64737,SWITCH_FORM_0
2026-09-29 14:58:27.157,BOUNCE,0,292,186,106,144,DROPPED
2026-09-29 14:58:27.573,ACCEPTED,2,293,187,106,514,SWITCH_FORM_1
2026-09-29 14:58:27.654,BOUNCE,5,294,187,107,126,DROPPED
2026-09-29 14:58:28.052,ACCEPTED,4,295,188,107,481,SWITCH_FORM_2
2026-09-29 14:58:28.500,ACCEPTED,6,296,189,107,443,SWITCH_FORM_0
2026-09-29 14:58:28.660,ACCEPTED,0,297,190,107,164,SWITCH_FORM_1
2026-09-29 14:58:29.108,ACCEPTED,5,298,191,107,443,SWITCH_FORM_2
