timestamp,event_type,object_type,object_index,value,form_before,form_after,switch_result,queue_size,raw_total,accepted_total,rejected_total,dropped_total
2026-09-28 11:12:03.257,EVENT,WINBUTTON,0,0,0,0,-2,5,6,1,1,0
2026-09-28 11:12:03.257,STATUS,,,,0,0,,5,6,1,1,0
2026-09-28 11:12:03.269,EVENT,WINBUTTON,0,0,0,1,0,4,6,2,1,0
2026-09-28 11:12:03.285,EVENT,WINBUTTON,0,0,1,2,0,3,6,3,1,0
2026-09-28 11:12:03.301,EVENT,WINBUTTON,0,0,2,2,-1,1,6,4,1,0
2026-09-28 11:12:03.317,EVENT,WINBUTTON,0,0,2,2,-1,0,6,5,1,0
2026-09-28 11:12:03.701,EVENT,WINBUTTON,0,0,2,0,0,0,7,6,1,0
2026-09-28 11:12:03.762,STATUS,,,,0,0,,0,7,6,1,0
2026-09-28 11:12:03.877,EVENT,WINBUTTON,0,0,0,1,0,0,8,7,1,0
2026-09-28 11:12:04.021,EVENT,WINBUTTON,3,0,1,2,0,0,9,8,1,0
2026-09-28 11:12:04.197,EVENT,WINBUTTON,6,0,2,0,0,0,10,9,1,0
2026-09-28 11:12:04.262,STATUS,,,,0,0,,0,10,9,1,0
2026-09-28 11:12:04.324,EVENT,WINBUTTON,0,0,0,1,0,0,11,10,1,0
2026-09-28 11:12:04.484,EVENT,WINBUTTON,3,0,1,2,0,0,12,11,1,0
2026-09-28 11:12:04.628,EVENT,WINBUTTON,6,0,2,0,0,0,13,12,1,0
2026-09-28 11:12:04.765,STATUS,,,,0,0,,0,13,12,1,0
2026-09-28 11:12:04.932,EVENT,WINBUTTON,0,0,0,1,0,0,14,13,1,0
2026-09-28 11:12:05.092,EVENT,WINBUTTON,3,0,1,2,0,0,15,14,1,0
2026-09-28 11:12:05.269,STATUS,,,,2,2,,0,15,14,1,0
2026-09-28 11:12:05.412,EVENT,WINBUTTON,6,0,2,0,0,0,16,15,1,0
2026-09-28 11:12:05.540,EVENT,WINBUTTON,0,0,0,1,0,0,17,16,1,0
2026-09-28 11:12:05.716,EVENT,WINBUTTON,3,0,1,2,0,0,18,17,1,0
2026-09-28 11:12:05.772,STATUS,,,,2,2,,0,18,17,1,0
2026-09-28 11:12:06.036,EVENT,WINBUTTON,6,0,2,0,0,0,19,18,1,0
2026-09-28 11:12:06.164,EVENT,WINBUTTON,0,0,0,1,0,0,20,19,1,0
2026-09-28 11:12:06.275,STATUS,,,,1,1,,0,20,19,1,0
2026-09-28 11:12:06.323,EVENT,WINBUTTON,3,0,1,2,0,0,21,20,1,0
2026-09-28 11:12:06.451,EVENT,WINBUTTON,6,0,2,0,0,0,22,21,1,0
2026-09-28 11:12:06.775,STATUS,,,,0,0,,0,22,21,1,0
2026-09-28 11:12:07.275,STATUS,,,,0,0,,0,22,21,1,0
